{"cameraMode":{"drawMode":0,"name":"Shaded","section":"Shading Mode"},"sceneLighting":false,"audioPlay":false,"sceneViewState":{"showFog":true,"showMaterialUpdate":false,"showSkybox":false,"showFlares":true,"showImageEffects":true,"showParticleSystems":true},"in2DMode":false,"pivot":{"x":0.09091418981552124,"y":-0.02423679828643799,"z":0.010327339172363282},"rotation":{"x":0.282826691865921,"y":-0.137226402759552,"z":0.04091925546526909,"w":0.9484275579452515},"size":0.843139111995697,"orthographic":false}