{"cameraMode":{"drawMode":0,"name":"Shaded","section":"Shading Mode"},"sceneLighting":true,"audioPlay":false,"sceneViewState":{"showFog":true,"showMaterialUpdate":false,"showSkybox":true,"showFlares":true,"showImageEffects":true,"showParticleSystems":true},"in2DMode":false,"pivot":{"x":-1.3003263473510743,"y":-1.3206052780151368,"z":5.714311599731445},"rotation":{"x":0.22053207457065583,"y":-0.2439107447862625,"z":0.05705863982439041,"w":0.9426725506782532},"size":6.2384138107299809,"orthographic":false}