{"cameraMode":{"drawMode":0,"name":"Shaded","section":"Shading Mode"},"sceneLighting":false,"audioPlay":false,"sceneViewState":{"showFog":true,"showMaterialUpdate":false,"showSkybox":false,"showFlares":true,"showImageEffects":true,"showParticleSystems":true},"in2DMode":false,"pivot":{"x":0.10944375395774842,"y":-0.027458786964416505,"z":0.027201533317565919},"rotation":{"x":-0.22827664017677308,"y":0.1775892823934555,"z":-0.042396288365125659,"w":-0.9563788771629334},"size":1.0330126285552979,"orthographic":false}